Playlist Index,Title,URL,Channel,Duration,Upload Time,Scraped Date
1,"26:15
    26:15
  Now playing",https://www.youtube.com/watch?v=Z7QWT75raF8,"The AI Conference",,3 days ago,2025-09-19T01:14:06.876Z
2,"29:17
    29:17
  Now playing",https://www.youtube.com/watch?v=GQutH2h9SWg,"The AI Conference",,3 days ago,2025-09-19T01:14:06.877Z
3,"1:31
    1:31
  Now playing",https://www.youtube.com/watch?v=Qi307Q5xU_Q,"The AI Conference",,2 weeks ago,2025-09-19T01:14:06.877Z
4,"4:03
    4:03
  Now playing",https://www.youtube.com/watch?v=BLJDkTPHu28,"The AI Conference",,3 weeks ago,2025-09-19T01:14:06.877Z
5,"18:14
    18:14
  Now playing",https://www.youtube.com/watch?v=2s4XuIQDon4&pp=0gcJCeAJAYcqIYzv,"The AI Conference",,4 weeks ago,2025-09-19T01:14:06.877Z
6,"25:27
    25:27
  Now playing",https://www.youtube.com/watch?v=v9QhXd-cACM,"The AI Conference",,4 weeks ago,2025-09-19T01:14:06.877Z
7,"34:26
    34:26
  Now playing",https://www.youtube.com/watch?v=L-1LQ_NXVM0,"The AI Conference",,4 weeks ago,2025-09-19T01:14:06.877Z
8,"25:04
    25:04
  Now playing",https://www.youtube.com/watch?v=sIcDhwAOc2E,"The AI Conference",,4 weeks ago,2025-09-19T01:14:06.877Z
9,"27:05
    27:05
  Now playing",https://www.youtube.com/watch?v=lF-qsObpW7s,"The AI Conference",,4 weeks ago,2025-09-19T01:14:06.877Z
10,"30:07
    30:07
  Now playing",https://www.youtube.com/watch?v=xeFPr1bBhj8,"The AI Conference",,4 weeks ago,2025-09-19T01:14:06.877Z
11,"28:57
    28:57
  Now playing",https://www.youtube.com/watch?v=Re_ed73Un3w,"The AI Conference",,4 weeks ago,2025-09-19T01:14:06.877Z
12,"26:10
    26:10
  Now playing",https://www.youtube.com/watch?v=YvDQS2r6Il4&pp=0gcJCeAJAYcqIYzv,"The AI Conference",,4 weeks ago,2025-09-19T01:14:06.877Z
13,"26:47
    26:47
  Now playing",https://www.youtube.com/watch?v=2DqJrfgCcFc,"The AI Conference",,4 weeks ago,2025-09-19T01:14:06.877Z
14,"55:03
    55:03
  Now playing",https://www.youtube.com/watch?v=KXOwblpn55M,"The AI Conference",,4 weeks ago,2025-09-19T01:14:06.877Z
15,"24:16
    24:16
  Now playing",https://www.youtube.com/watch?v=mv7G38U8iYY,"The AI Conference",,4 weeks ago,2025-09-19T01:14:06.877Z
16,"26:45
    26:45
  Now playing",https://www.youtube.com/watch?v=umIKUP4f1oI,"The AI Conference",,4 weeks ago,2025-09-19T01:14:06.877Z
17,"10:50
    10:50
  Now playing",https://www.youtube.com/watch?v=sZBDFoSjTyk,"The AI Conference",,4 weeks ago,2025-09-19T01:14:06.877Z
18,"10:10
    10:10
  Now playing",https://www.youtube.com/watch?v=T28GKM0Z9KQ,"The AI Conference",,4 weeks ago,2025-09-19T01:14:06.877Z
19,"10:13
    10:13
  Now playing",https://www.youtube.com/watch?v=9V0dN9xlNjI,"The AI Conference",,4 weeks ago,2025-09-19T01:14:06.877Z
20,"9:26
    9:26
  Now playing",https://www.youtube.com/watch?v=bUe_QN4ZJdk,"The AI Conference",,4 weeks ago,2025-09-19T01:14:06.877Z
21,"11:09
    11:09
  Now playing",https://www.youtube.com/watch?v=jzHIVyOhDlE,"The AI Conference",,4 weeks ago,2025-09-19T01:14:06.877Z
22,"10:17
    10:17
  Now playing",https://www.youtube.com/watch?v=7rTDdc5SjTc,"The AI Conference",,4 weeks ago,2025-09-19T01:14:06.877Z
23,"10:22
    10:22
  Now playing",https://www.youtube.com/watch?v=QL60AJFIeOY,"The AI Conference",,4 weeks ago,2025-09-19T01:14:06.877Z
24,"15:14
    15:14
  Now playing",https://www.youtube.com/watch?v=X1VuyiUrGeo,"The AI Conference",,1 month ago,2025-09-19T01:14:06.877Z
25,"28:36
    28:36
  Now playing",https://www.youtube.com/watch?v=q_HxPQo7JCc&pp=0gcJCeAJAYcqIYzv,"The AI Conference",,1 month ago,2025-09-19T01:14:06.877Z
26,"13:45
    13:45
  Now playing",https://www.youtube.com/watch?v=thdmh_vwbsc,"The AI Conference",,1 month ago,2025-09-19T01:14:06.877Z
27,"22:16
    22:16
  Now playing",https://www.youtube.com/watch?v=jfCQJVifSYg,"The AI Conference",,2 months ago,2025-09-19T01:14:06.877Z
28,"21:34
    21:34
  Now playing",https://www.youtube.com/watch?v=yFisfVMWtcw&pp=0gcJCeAJAYcqIYzv,"The AI Conference",,2 months ago,2025-09-19T01:14:06.877Z
29,"30:52
    30:52
  Now playing",https://www.youtube.com/watch?v=3dmAJSt2sQY,"The AI Conference",,2 months ago,2025-09-19T01:14:06.877Z
30,"25:18
    25:18
  Now playing",https://www.youtube.com/watch?v=KPcKNBG7WTg,"The AI Conference",,2 months ago,2025-09-19T01:14:06.877Z
31,"28:54
    28:54
  Now playing",https://www.youtube.com/watch?v=Z9xVmzkWgQk,"The AI Conference",,2 months ago,2025-09-19T01:14:06.877Z
32,"23:34
    23:34
  Now playing",https://www.youtube.com/watch?v=t0UZ30gfccA,"The AI Conference",,2 months ago,2025-09-19T01:14:06.877Z
33,"28:25
    28:25
  Now playing",https://www.youtube.com/watch?v=KU_EECNK30I,"The AI Conference",,2 months ago,2025-09-19T01:14:06.877Z
34,"25:25
    25:25
  Now playing",https://www.youtube.com/watch?v=a8GrfgF-h_c,"The AI Conference",,2 months ago,2025-09-19T01:14:06.877Z
35,"28:47
    28:47
  Now playing",https://www.youtube.com/watch?v=Qtd7eLRTBck,"The AI Conference",,2 months ago,2025-09-19T01:14:06.877Z
36,"28:25
    28:25
  Now playing",https://www.youtube.com/watch?v=O1xwFxMlcoI,"The AI Conference",,3 months ago,2025-09-19T01:14:06.877Z
37,"30:34
    30:34
  Now playing",https://www.youtube.com/watch?v=oH3AUDxglew&pp=0gcJCeAJAYcqIYzv,"The AI Conference",,3 months ago,2025-09-19T01:14:06.877Z
38,"23:34
    23:34
  Now playing",https://www.youtube.com/watch?v=nKNju1RTI9M,"The AI Conference",,3 months ago,2025-09-19T01:14:06.877Z
39,"26:53
    26:53
  Now playing",https://www.youtube.com/watch?v=5RJHs9PqzMg,"The AI Conference",,3 months ago,2025-09-19T01:14:06.877Z
40,"12:29
    12:29
  Now playing",https://www.youtube.com/watch?v=pw9975e2EdA,"The AI Conference",,3 months ago,2025-09-19T01:14:06.877Z
41,"10:44
    10:44
  Now playing",https://www.youtube.com/watch?v=Ox0fGfpLPuc,"The AI Conference",,3 months ago,2025-09-19T01:14:06.877Z
42,"25:34
    25:34
  Now playing",https://www.youtube.com/watch?v=meNzg0Whis8,"The AI Conference",,3 months ago,2025-09-19T01:14:06.877Z
43,"25:47
    25:47
  Now playing",https://www.youtube.com/watch?v=sGgSzVS3DM4,"The AI Conference",,4 months ago,2025-09-19T01:14:06.877Z
44,"21:34
    21:34
  Now playing",https://www.youtube.com/watch?v=_qTTTLcJBtg&pp=0gcJCeAJAYcqIYzv,"The AI Conference",,4 months ago,2025-09-19T01:14:06.877Z
45,"23:44
    23:44
  Now playing",https://www.youtube.com/watch?v=2q1_76T2gM8,"The AI Conference",,4 months ago,2025-09-19T01:14:06.877Z
46,"24:31
    24:31
  Now playing",https://www.youtube.com/watch?v=DW5v7MFquDY,"The AI Conference",,4 months ago,2025-09-19T01:14:06.877Z
47,"26:51
    26:51
  Now playing",https://www.youtube.com/watch?v=Qb5P6eHadZY,"The AI Conference",,4 months ago,2025-09-19T01:14:06.877Z
48,"25:28
    25:28
  Now playing",https://www.youtube.com/watch?v=kPE5STF8ysc,"The AI Conference",,4 months ago,2025-09-19T01:14:06.877Z
49,"23:46
    23:46
  Now playing",https://www.youtube.com/watch?v=l898fqkjdFc,"The AI Conference",,4 months ago,2025-09-19T01:14:06.877Z
50,"22:01
    22:01
  Now playing",https://www.youtube.com/watch?v=vxZgkXTYzGI,"The AI Conference",,4 months ago,2025-09-19T01:14:06.877Z
51,"28:17
    28:17
  Now playing",https://www.youtube.com/watch?v=AzeyGPOD8xM,"The AI Conference",,5 months ago,2025-09-19T01:14:06.877Z
52,"30:12
    30:12
  Now playing",https://www.youtube.com/watch?v=Q3T_MqXHNqg,"The AI Conference",,5 months ago,2025-09-19T01:14:06.877Z
53,"27:43
    27:43
  Now playing",https://www.youtube.com/watch?v=Aq4AWbApqdA,"The AI Conference",,5 months ago,2025-09-19T01:14:06.877Z
54,"27:41
    27:41
  Now playing",https://www.youtube.com/watch?v=zTrcNghe4dQ,"The AI Conference",,5 months ago,2025-09-19T01:14:06.877Z
55,"27:52
    27:52
  Now playing",https://www.youtube.com/watch?v=g-upPybdXQU,"The AI Conference",,5 months ago,2025-09-19T01:14:06.877Z
56,"28:02
    28:02
  Now playing",https://www.youtube.com/watch?v=_xsDZc5Gau8,"The AI Conference",,5 months ago,2025-09-19T01:14:06.877Z
57,"24:15
    24:15
  Now playing",https://www.youtube.com/watch?v=Xc-qHyrk634,"The AI Conference",,5 months ago,2025-09-19T01:14:06.877Z
58,"25:16
    25:16
  Now playing",https://www.youtube.com/watch?v=Os27AC5Nz8o,"The AI Conference",,6 months ago,2025-09-19T01:14:06.877Z
59,"26:04
    26:04
  Now playing",https://www.youtube.com/watch?v=DFCgpnKUmm4,"The AI Conference",,6 months ago,2025-09-19T01:14:06.877Z
60,"13:11
    13:11
  Now playing",https://www.youtube.com/watch?v=HpfRg1MOIpE,"The AI Conference",,6 months ago,2025-09-19T01:14:06.877Z
61,"22:27
    22:27
  Now playing",https://www.youtube.com/watch?v=AlDTTRB8QZ0,"The AI Conference",,6 months ago,2025-09-19T01:14:06.877Z
62,"27:20
    27:20
  Now playing",https://www.youtube.com/watch?v=cRKK2rcP6kw,"The AI Conference",,6 months ago,2025-09-19T01:14:06.877Z
63,"33:25
    33:25
  Now playing",https://www.youtube.com/watch?v=WJBxOnbDgm4,"The AI Conference",,6 months ago,2025-09-19T01:14:06.877Z
64,"29:30
    29:30
  Now playing",https://www.youtube.com/watch?v=JnyfgTBa404,"The AI Conference",,6 months ago,2025-09-19T01:14:06.877Z
65,"23:03
    23:03
  Now playing",https://www.youtube.com/watch?v=HNBEaHXzFUs,"The AI Conference",,6 months ago,2025-09-19T01:14:06.877Z
66,"2:32
    2:32
  Now playing",https://www.youtube.com/watch?v=gTNjt3bx24I,"The AI Conference",,7 months ago,2025-09-19T01:14:06.877Z
67,"22:19
    22:19
  Now playing",https://www.youtube.com/watch?v=mqS_c9n0xfM,"The AI Conference",,7 months ago,2025-09-19T01:14:06.877Z
68,"13:06
    13:06
  Now playing",https://www.youtube.com/watch?v=0Uqpb5Eoic4,"The AI Conference",,7 months ago,2025-09-19T01:14:06.877Z
69,"0:41
    0:41
  Now playing",https://www.youtube.com/watch?v=i4jB69uL8vw,"The AI Conference",,7 months ago,2025-09-19T01:14:06.877Z
70,"1:49
    1:49
  Now playing",https://www.youtube.com/watch?v=4dQC3MEb4So,"The AI Conference",,8 months ago,2025-09-19T01:14:06.877Z
71,"28:48
    28:48
  Now playing",https://www.youtube.com/watch?v=plAUd-52_7s,"The AI Conference",,8 months ago,2025-09-19T01:14:06.877Z
72,"27:07
    27:07
  Now playing",https://www.youtube.com/watch?v=UuxRz6_Pv7w,"The AI Conference",,8 months ago,2025-09-19T01:14:06.877Z
73,"22:02
    22:02
  Now playing",https://www.youtube.com/watch?v=tTILUbud2JY,"The AI Conference",,1 year ago,2025-09-19T01:14:06.877Z
74,"0:37
    0:37
  Now playing",https://www.youtube.com/watch?v=ualyjhlsSFs,"The AI Conference",,1 year ago,2025-09-19T01:14:06.877Z
75,"28:49
    28:49
  Now playing",https://www.youtube.com/watch?v=ol6VUYrjgFU,"The AI Conference",,1 year ago,2025-09-19T01:14:06.877Z
76,"30:13
    30:13
  Now playing",https://www.youtube.com/watch?v=KHOyL4W9TQ4&pp=0gcJCeAJAYcqIYzv,"The AI Conference",,1 year ago,2025-09-19T01:14:06.877Z
77,"31:20
    31:20
  Now playing",https://www.youtube.com/watch?v=3a6c5Sse_Cw,"The AI Conference",,1 year ago,2025-09-19T01:14:06.877Z
78,"28:02
    28:02
  Now playing",https://www.youtube.com/watch?v=9o2J1MhAAfk,"The AI Conference",,1 year ago,2025-09-19T01:14:06.877Z
79,"9:42
    9:42
  Now playing",https://www.youtube.com/watch?v=AvEWQ3znPSs,"The AI Conference",,1 year ago,2025-09-19T01:14:06.877Z
80,"17:53
    17:53
  Now playing",https://www.youtube.com/watch?v=8XcRxDCzN7c,"The AI Conference",,1 year ago,2025-09-19T01:14:06.877Z
81,"27:39
    27:39
  Now playing",https://www.youtube.com/watch?v=wDux5_KO3Wk,"The AI Conference",,1 year ago,2025-09-19T01:14:06.877Z
82,"6:05
    6:05
  Now playing",https://www.youtube.com/watch?v=KO7tFKkzkmo,"The AI Conference",,1 year ago,2025-09-19T01:14:06.877Z
83,"25:18
    25:18
  Now playing",https://www.youtube.com/watch?v=q3RGQ0_yJEk,"The AI Conference",,1 year ago,2025-09-19T01:14:06.877Z
84,"23:44
    23:44
  Now playing",https://www.youtube.com/watch?v=KT2RFMTJKGs,"The AI Conference",,1 year ago,2025-09-19T01:14:06.877Z
85,"16:33
    16:33
  Now playing",https://www.youtube.com/watch?v=lA0Npe4PqFw,"The AI Conference",,1 year ago,2025-09-19T01:14:06.877Z
86,"32:27
    32:27
  Now playing",https://www.youtube.com/watch?v=JhOg8NfxbOM&pp=0gcJCeAJAYcqIYzv,"The AI Conference",,1 year ago,2025-09-19T01:14:06.877Z
87,"10:23
    10:23
  Now playing",https://www.youtube.com/watch?v=uUf2yrFw564,"The AI Conference",,1 year ago,2025-09-19T01:14:06.877Z
88,"30:24
    30:24
  Now playing",https://www.youtube.com/watch?v=xv99H6BTHzM,"The AI Conference",,1 year ago,2025-09-19T01:14:06.877Z
89,"31:27
    31:27
  Now playing",https://www.youtube.com/watch?v=xa7k9MUeIdk,"The AI Conference",,1 year ago,2025-09-19T01:14:06.877Z
90,"15:44
    15:44
  Now playing",https://www.youtube.com/watch?v=wvvMmLzzhqg,"The AI Conference",,1 year ago,2025-09-19T01:14:06.877Z
